{"_step":50,"epoch":50,"loss":0.016794307030068012,"test_accuracy":100,"_wandb":{"runtime":528},"_timestamp":1.74212855011225e+09,"_runtime":526.295397701}